cod_ies,Sigla da Instiuição de Ensino,Nome do Campus,Número do Edital de Auxílio,Ano de Públicação,A quem se destina o edital,eixo_pnaes,Tipo de Apoio,Valor destinado ao beneficiário (R$),Estrutura disponível:,Número de vagas ofertadas,Prazo de inscrição (em dias),Resumo dos Críterios de Elegibilidade,Nome da Instituição,Estado,Edital disponível em:,Responsavel pelo edital,ID_ies,cod_campi,ID_completo,ano_edital,loc_latitude,loc_longitute,nome_edital,link_download_edital
1,UFPB,Campus IV - Litoral Norte (Mamanguape e Rio Tinto),11/2026 (Retificado 1),2026-01-01,1,3,Serviço Direto,0.0,1,30,19,Renda familiar per capita <= 1 SM; RU ativo nas unidades de Rio Tinto (15 vagas) e Mamanguape (15 vagas),Universidade Federal da Paraíba,25,https://www.prape.ufpb.br/editais/,PRAPE,251,4,25-1-4,2026-01-01,-6806485.0,-35075725.0,retificado-1-Edital-11-2026-CAMPUS-IV_Selecao-auxilios-2026.1,completar depois
1,UFPB,Campus IV - Litoral Norte (Mamanguape e Rio Tinto),11/2026 (Retificado 1),2026-01-01,1,1,Auxílio Financeiro (Auxílio Moradia),700.0,0,20,19,Núcleo familiar fora do perímetro urbano de Mamanguape/Rio Tinto; sem imóvel próprio/financiado na cidade sede,Universidade Federal da Paraíba,25,https://www.prape.ufpb.br/editais/,PRAPE,251,4,25-1-4,2026-01-01,-6806485.0,-35075725.0,retificado-1-Edital-11-2026-CAMPUS-IV_Selecao-auxilios-2026.1,completar depois
1,UFPB,Campus IV - Litoral Norte (Mamanguape e Rio Tinto),11/2026 (Retificado 1),2026-01-01,1,1,Vaga Física - Infraestrutura (Residência Universitária),680.0,1,4,19,"2 vagas masculinas + 2 femininas; parcela única inicial de R$500,00; mesmos requisitos geográficos da Moradia",Universidade Federal da Paraíba,25,https://www.prape.ufpb.br/editais/,PRAPE,251,4,25-1-4,2026-01-01,-6806485.0,-35075725.0,retificado-1-Edital-11-2026-CAMPUS-IV_Selecao-auxilios-2026.1,completar depois
1,UFPB,Campus IV - Litoral Norte (Mamanguape e Rio Tinto),11/2026 (Retificado 1),2026-01-01,1,2,Auxílio Financeiro (Faixa 1),125.0,0,15,19,"Residência em Mamanguape, Rio Tinto, Baía da Traição ou Marcação",Universidade Federal da Paraíba,25,https://www.prape.ufpb.br/editais/,PRAPE,251,4,25-1-4,2026-01-01,-6806485.0,-35075725.0,retificado-1-Edital-11-2026-CAMPUS-IV_Selecao-auxilios-2026.1,completar depois
1,UFPB,Campus IV - Litoral Norte (Mamanguape e Rio Tinto),11/2026 (Retificado 1),2026-01-01,1,2,Auxílio Financeiro (Faixa 2),250.0,0,10,19,"Municípios da Faixa 2 (ex.: Capim, Cuité de Mamanguape, Jacaraú)",Universidade Federal da Paraíba,25,https://www.prape.ufpb.br/editais/,PRAPE,251,4,25-1-4,2026-01-01,-6806485.0,-35075725.0,retificado-1-Edital-11-2026-CAMPUS-IV_Selecao-auxilios-2026.1,completar depois
1,UFPB,Campus IV - Litoral Norte (Mamanguape e Rio Tinto),11/2026 (Retificado 1),2026-01-01,1,2,Auxílio Financeiro (Faixa 3),586.0,0,5,19,"Municípios da Faixa 3 (ex.: João Pessoa, Bayeux, Cabedelo, Guarabira)",Universidade Federal da Paraíba,25,https://www.prape.ufpb.br/editais/,PRAPE,251,4,25-1-4,2026-01-01,-6806485.0,-35075725.0,retificado-1-Edital-11-2026-CAMPUS-IV_Selecao-auxilios-2026.1,completar depois
1,UFPB,Campus I - João Pessoa e Santa Rita,12/2025 (Retificado 2),2025-01-01,1,3,Serviço Direto (Restaurante Universitário),0.0,1,100,34,Não matriculado em cursos sediados em Mangabeira ou Santa Rita,Universidade Federal da Paraíba,25,https://www.prape.ufpb.br/editais/,PRAPE,251,1,25-1-1,2025-01-01,-7137594.0,-34846927.0,RETIFICADO-2-Edital-12-2025-CAMPUS-I_Selecao-auxilios-2025.1,https://www.prape.ufpb.br/wp-content/uploads/sites/207/sites/207/2026/06/retificado-1-Edital-08-2026-CAMPUS-I_Selecao-auxilios-2026.1.pdf
1,UFPB,Campus I - João Pessoa e Santa Rita,12/2025 (Retificado 2),2025-01-01,1,3,Auxílio Financeiro (Auxílio Alimentação),360.0,0,15,34,Exclusivo para matriculados em Mangabeira ou Santa Rita (unidades sem RU),Universidade Federal da Paraíba,25,https://www.prape.ufpb.br/editais/,PRAPE,251,1,25-1-1,2025-01-01,-7137594.0,-34846927.0,RETIFICADO-2-Edital-12-2025-CAMPUS-I_Selecao-auxilios-2025.1,https://www.prape.ufpb.br/wp-content/uploads/sites/207/sites/207/2026/06/retificado-1-Edital-08-2026-CAMPUS-I_Selecao-auxilios-2026.1.pdf
1,UFPB,Campus I - João Pessoa e Santa Rita,12/2025 (Retificado 2),2025-01-01,1,1,Auxílio Financeiro (Auxílio Moradia),700.0,0,50,34,"Núcleo familiar fora do perímetro urbano de João Pessoa, Santa Rita, Bayeux e Cabedelo",Universidade Federal da Paraíba,25,https://www.prape.ufpb.br/editais/,PRAPE,251,1,25-1-1,2025-01-01,-7137594.0,-34846927.0,RETIFICADO-2-Edital-12-2025-CAMPUS-I_Selecao-auxilios-2025.1,https://www.prape.ufpb.br/wp-content/uploads/sites/207/sites/207/2026/06/retificado-1-Edital-08-2026-CAMPUS-I_Selecao-auxilios-2026.1.pdf
1,UFPB,Campus I - João Pessoa e Santa Rita,12/2025 (Retificado 2),2025-01-01,1,1,Vaga Física - Infraestrutura (RUMF - Masculina),400.0,1,2,34,"Parcela única inicial de R$400,00; mesmos requisitos geográficos da Moradia",Universidade Federal da Paraíba,25,https://www.prape.ufpb.br/editais/,PRAPE,251,1,25-1-1,2025-01-01,-7137594.0,-34846927.0,RETIFICADO-2-Edital-12-2025-CAMPUS-I_Selecao-auxilios-2025.1,https://www.prape.ufpb.br/wp-content/uploads/sites/207/sites/207/2026/06/retificado-1-Edital-08-2026-CAMPUS-I_Selecao-auxilios-2026.1.pdf
1,UFPB,Campus I - João Pessoa e Santa Rita,12/2025 (Retificado 2),2025-01-01,1,1,Vaga Física - Infraestrutura (RUFET - Feminina),580.0,1,3,34,"Uso exclusivo feminino; parcela única inicial de R$400,00",Universidade Federal da Paraíba,25,https://www.prape.ufpb.br/editais/,PRAPE,251,1,25-1-1,2025-01-01,-7137594.0,-34846927.0,RETIFICADO-2-Edital-12-2025-CAMPUS-I_Selecao-auxilios-2025.1,https://www.prape.ufpb.br/wp-content/uploads/sites/207/sites/207/2026/06/retificado-1-Edital-08-2026-CAMPUS-I_Selecao-auxilios-2026.1.pdf
1,UFPB,Campus I - João Pessoa e Santa Rita,12/2025 (Retificado 2),2025-01-01,1,2,Auxílio Financeiro (Faixa 1),108.0,0,30,34,Residência no município da sede do curso (João Pessoa ou Santa Rita),Universidade Federal da Paraíba,25,https://www.prape.ufpb.br/editais/,PRAPE,251,1,25-1-1,2025-01-01,-7137594.0,-34846927.0,RETIFICADO-2-Edital-12-2025-CAMPUS-I_Selecao-auxilios-2025.1,https://www.prape.ufpb.br/wp-content/uploads/sites/207/sites/207/2026/06/retificado-1-Edital-08-2026-CAMPUS-I_Selecao-auxilios-2026.1.pdf
1,UFPB,Campus I - João Pessoa e Santa Rita,12/2025 (Retificado 2),2025-01-01,1,2,Auxílio Financeiro (Faixa 2),216.0,0,15,34,"Municípios da Faixa 2 (ex.: Bayeux, Cabedelo, Conde)",Universidade Federal da Paraíba,25,https://www.prape.ufpb.br/editais/,PRAPE,251,1,25-1-1,2025-01-01,-7137594.0,-34846927.0,RETIFICADO-2-Edital-12-2025-CAMPUS-I_Selecao-auxilios-2025.1,https://www.prape.ufpb.br/wp-content/uploads/sites/207/sites/207/2026/06/retificado-1-Edital-08-2026-CAMPUS-I_Selecao-auxilios-2026.1.pdf
1,UFPB,Campus I - João Pessoa e Santa Rita,12/2025 (Retificado 2),2025-01-01,1,2,Auxílio Financeiro (Faixa 3),586.0,0,5,34,"Municípios da Faixa 3 (ex.: Mamanguape, Rio Tinto, Sapé)",Universidade Federal da Paraíba,25,https://www.prape.ufpb.br/editais/,PRAPE,251,1,25-1-1,2025-01-01,-7137594.0,-34846927.0,RETIFICADO-2-Edital-12-2025-CAMPUS-I_Selecao-auxilios-2025.1,https://www.prape.ufpb.br/wp-content/uploads/sites/207/sites/207/2026/06/retificado-1-Edital-08-2026-CAMPUS-I_Selecao-auxilios-2026.1.pdf
1,UFPB,Campus II - Areia,13/2025 (Retificado 1),2025-01-01,1,3,Serviço Direto (Restaurante Universitário),0.0,1,25,34,Matriculado em qualquer unidade acadêmica do Campus II,Universidade Federal da Paraíba,25,https://www.prape.ufpb.br/editais/,PRAPE,251,2,25-1-2,2025-01-01,-6969892.0,-35715877.0,RETIFICADO-1-Edital-13-2025-CAMPUS-II_Selecao-auxilios-2025.1,https://www.prape.ufpb.br/wp-content/uploads/sites/207/sites/207/2026/06/retificado-2-Edital-09-2026-CAMPUS-II_Selecao-auxilios-2026.1.pdf
1,UFPB,Campus II - Areia,13/2025 (Retificado 1),2025-01-01,1,1,Auxílio Financeiro (Auxílio Moradia),700.0,0,15,34,Núcleo familiar fora do perímetro urbano de Areia,Universidade Federal da Paraíba,25,https://www.prape.ufpb.br/editais/,PRAPE,251,2,25-1-2,2025-01-01,-6969892.0,-35715877.0,RETIFICADO-1-Edital-13-2025-CAMPUS-II_Selecao-auxilios-2025.1,https://www.prape.ufpb.br/wp-content/uploads/sites/207/sites/207/2026/06/retificado-2-Edital-09-2026-CAMPUS-II_Selecao-auxilios-2026.1.pdf
1,UFPB,Campus II - Areia,13/2025 (Retificado 1),2025-01-01,1,1,Vaga Física - Infraestrutura (Residência Universitária),400.0,1,5,34,"3 vagas masculinas + 2 femininas; parcela única inicial de R$400,00",Universidade Federal da Paraíba,25,https://www.prape.ufpb.br/editais/,PRAPE,251,2,25-1-2,2025-01-01,-6969892.0,-35715877.0,RETIFICADO-1-Edital-13-2025-CAMPUS-II_Selecao-auxilios-2025.1,https://www.prape.ufpb.br/wp-content/uploads/sites/207/sites/207/2026/06/retificado-2-Edital-09-2026-CAMPUS-II_Selecao-auxilios-2026.1.pdf
1,UFPB,Campus II - Areia,13/2025 (Retificado 1),2025-01-01,1,2,Auxílio Financeiro (Faixa 1),108.0,0,5,34,Residência no município de Areia,Universidade Federal da Paraíba,25,https://www.prape.ufpb.br/editais/,PRAPE,251,2,25-1-2,2025-01-01,-6969892.0,-35715877.0,RETIFICADO-1-Edital-13-2025-CAMPUS-II_Selecao-auxilios-2025.1,https://www.prape.ufpb.br/wp-content/uploads/sites/207/sites/207/2026/06/retificado-2-Edital-09-2026-CAMPUS-II_Selecao-auxilios-2026.1.pdf
1,UFPB,Campus II - Areia,13/2025 (Retificado 1),2025-01-01,1,2,Auxílio Financeiro (Faixa 2),216.0,0,3,34,"Municípios da Faixa 2 (ex.: Alagoa Grande, Esperança, Remígio)",Universidade Federal da Paraíba,25,https://www.prape.ufpb.br/editais/,PRAPE,251,2,25-1-2,2025-01-01,-6969892.0,-35715877.0,RETIFICADO-1-Edital-13-2025-CAMPUS-II_Selecao-auxilios-2025.1,https://www.prape.ufpb.br/wp-content/uploads/sites/207/sites/207/2026/06/retificado-2-Edital-09-2026-CAMPUS-II_Selecao-auxilios-2026.1.pdf
1,UFPB,Campus II - Areia,13/2025 (Retificado 1),2025-01-01,1,2,Auxílio Financeiro (Faixa 3),586.0,0,2,34,"Municípios da Faixa 3 (ex.: Campina Grande, Guarabira, Sapé)",Universidade Federal da Paraíba,25,https://www.prape.ufpb.br/editais/,PRAPE,251,2,25-1-2,2025-01-01,-6969892.0,-35715877.0,RETIFICADO-1-Edital-13-2025-CAMPUS-II_Selecao-auxilios-2025.1,https://www.prape.ufpb.br/wp-content/uploads/sites/207/sites/207/2026/06/retificado-2-Edital-09-2026-CAMPUS-II_Selecao-auxilios-2026.1.pdf
1,UFPB,Campus III - Bananeiras,14/2025 (Retificado 2),2025-01-01,1,3,Serviço Direto (Restaurante Universitário),0.0,1,25,34,Estar matriculado em qualquer unidade acadêmica do Campus III,Universidade Federal da Paraíba,25,https://www.prape.ufpb.br/editais/,PRAPE,251,3,25-1-3,2025-01-01,-6751521.0,-35648475.0,RETIFICADO-2-Edital-14-2025-CAMPUS-III_Selecao-auxilios-2025.1,completar depois
1,UFPB,Campus III - Bananeiras,14/2025 (Retificado 2),2025-01-01,1,1,Auxílio Financeiro (Auxílio 1),700.0,0,15,34,Núcleo familiar fora do perímetro urbano de Bananeiras ou Solânea; sem imóvel próprio/financiado na cidade sede,Universidade Federal da Paraíba,25,https://www.prape.ufpb.br/editais/,PRAPE,251,3,25-1-3,2025-01-01,-6751521.0,-35648475.0,RETIFICADO-2-Edital-14-2025-CAMPUS-III_Selecao-auxilios-2025.1,completar depois
1,UFPB,Campus III - Bananeiras,14/2025 (Retificado 2),2025-01-01,1,1,Vaga Física - Infraestrutura (Residência Universitária),400.0,1,2,34,"1 vaga masculina + 1 feminina; parcela única inicial de R$400,00; mesmos requisitos geográficos da 1",Universidade Federal da Paraíba,25,https://www.prape.ufpb.br/editais/,PRAPE,251,3,25-1-3,2025-01-01,-6751521.0,-35648475.0,RETIFICADO-2-Edital-14-2025-CAMPUS-III_Selecao-auxilios-2025.1,completar depois
1,UFPB,Campus III - Bananeiras,14/2025 (Retificado 2),2025-01-01,1,2,Auxílio Financeiro (Faixa 1),108.0,0,5,34,"Residência em Bananeiras, Belém, Borborema ou Solânea",Universidade Federal da Paraíba,25,https://www.prape.ufpb.br/editais/,PRAPE,251,3,25-1-3,2025-01-01,-6751521.0,-35648475.0,RETIFICADO-2-Edital-14-2025-CAMPUS-III_Selecao-auxilios-2025.1,completar depois
1,UFPB,Campus III - Bananeiras,14/2025 (Retificado 2),2025-01-01,1,2,Auxílio Financeiro (Faixa 2),216.0,0,3,34,"Municípios da Faixa 2 (ex.: Arara, Dona Inês, Guarabira, Pirpirituba)",Universidade Federal da Paraíba,25,https://www.prape.ufpb.br/editais/,PRAPE,251,3,25-1-3,2025-01-01,-6751521.0,-35648475.0,RETIFICADO-2-Edital-14-2025-CAMPUS-III_Selecao-auxilios-2025.1,completar depois
1,UFPB,Campus III - Bananeiras,14/2025 (Retificado 2),2025-01-01,1,2,Auxílio Financeiro (Faixa 3),586.0,0,2,34,"Municípios da Faixa 3 (ex.: Alagoa Grande, Areia, Sapé, Remígio)",Universidade Federal da Paraíba,25,https://www.prape.ufpb.br/editais/,PRAPE,251,3,25-1-3,2025-01-01,-6751521.0,-35648475.0,RETIFICADO-2-Edital-14-2025-CAMPUS-III_Selecao-auxilios-2025.1,completar depois
1,UFPB,Campus III - Bananeiras,14/2025 (Retificado 2),2025-01-01,1,1,Auxílio Financeiro (Auxílio Pré-escolar),250.0,0,5,34,Comprovação de coabitação com filho menor de 6 anos (Declaração Anexo I + certidão de nascimento),Universidade Federal da Paraíba,25,https://www.prape.ufpb.br/editais/,PRAPE,251,3,25-1-3,2025-01-01,-6751521.0,-35648475.0,RETIFICADO-2-Edital-14-2025-CAMPUS-III_Selecao-auxilios-2025.1,completar depois
1,UFPB,Campus IV - Litoral Norte (Mamanguape e Rio Tinto),15/2025 (Retificado 1),2025-01-01,1,3,Serviço Direto (Restaurante Universitário - Rio Tinto),0.0,1,15,34,Matriculado em qualquer unidade acadêmica do Campus IV,Universidade Federal da Paraíba,25,https://www.prape.ufpb.br/editais/,PRAPE,251,4,25-1-4,2025-01-01,-6806485.0,-35075725.0,RETIFICADO-1-Edital-15-2025-CAMPUS-IV_Selecao-auxilios-2025.1,completar depois
1,UFPB,Campus IV - Litoral Norte (Mamanguape e Rio Tinto),15/2025 (Retificado 1),2025-01-01,1,3,Serviço Direto (Restaurante Universitário - Mamanguape),0.0,1,10,34,Matriculado em qualquer unidade acadêmica do Campus IV,Universidade Federal da Paraíba,25,https://www.prape.ufpb.br/editais/,PRAPE,251,4,25-1-4,2025-01-01,-6806485.0,-35075725.0,RETIFICADO-1-Edital-15-2025-CAMPUS-IV_Selecao-auxilios-2025.1,completar depois
1,UFPB,Campus IV - Litoral Norte (Mamanguape e Rio Tinto),15/2025 (Retificado 1),2025-01-01,1,1,Auxílio Financeiro (Auxílio 1),700.0,0,15,34,Núcleo familiar fora do perímetro urbano de Mamanguape ou Rio Tinto,Universidade Federal da Paraíba,25,https://www.prape.ufpb.br/editais/,PRAPE,251,4,25-1-4,2025-01-01,-6806485.0,-35075725.0,RETIFICADO-1-Edital-15-2025-CAMPUS-IV_Selecao-auxilios-2025.1,completar depois
1,UFPB,Campus IV - Litoral Norte (Mamanguape e Rio Tinto),15/2025 (Retificado 1),2025-01-01,1,1,Vaga Física - Infraestrutura (Residência Universitária),580.0,1,2,34,"1 vaga masculina + 1 feminina; parcela única inicial de R$400,00; mesmos requisitos geográficos da 1",Universidade Federal da Paraíba,25,https://www.prape.ufpb.br/editais/,PRAPE,251,4,25-1-4,2025-01-01,-6806485.0,-35075725.0,RETIFICADO-1-Edital-15-2025-CAMPUS-IV_Selecao-auxilios-2025.1,completar depois
1,UFPB,Campus IV - Litoral Norte (Mamanguape e Rio Tinto),15/2025 (Retificado 1),2025-01-01,1,2,Auxílio Financeiro (Faixa 1),108.0,0,5,34,"Residência em Mamanguape, Rio Tinto, Baía da Traição ou Marcação",Universidade Federal da Paraíba,25,https://www.prape.ufpb.br/editais/,PRAPE,251,4,25-1-4,2025-01-01,-6806485.0,-35075725.0,RETIFICADO-1-Edital-15-2025-CAMPUS-IV_Selecao-auxilios-2025.1,completar depois
1,UFPB,Campus IV - Litoral Norte (Mamanguape e Rio Tinto),15/2025 (Retificado 1),2025-01-01,1,2,Auxílio Financeiro (Faixa 2),216.0,0,3,34,"Municípios da Faixa 2 (ex.: Capim, Cuité de Mamanguape, Jacaraú)",Universidade Federal da Paraíba,25,https://www.prape.ufpb.br/editais/,PRAPE,251,4,25-1-4,2025-01-01,-6806485.0,-35075725.0,RETIFICADO-1-Edital-15-2025-CAMPUS-IV_Selecao-auxilios-2025.1,completar depois
1,UFPB,Campus IV - Litoral Norte (Mamanguape e Rio Tinto),15/2025 (Retificado 1),2025-01-01,1,2,Auxílio Financeiro (Faixa 3),586.0,0,2,34,"Municípios da Faixa 3 (ex.: João Pessoa, Bayeux, Cabedelo, Guarabira)",Universidade Federal da Paraíba,25,https://www.prape.ufpb.br/editais/,PRAPE,251,4,25-1-4,2025-01-01,-6806485.0,-35075725.0,RETIFICADO-1-Edital-15-2025-CAMPUS-IV_Selecao-auxilios-2025.1,completar depois
1,UFPB,Campus IV - Litoral Norte (Mamanguape e Rio Tinto),15/2025 (Retificado 1),2025-01-01,1,1,Auxílio Financeiro (Auxílio Pré-escolar),250.0,0,5,34,Comprovação de coabitação com filho menor de 6 anos (Declaração Anexo I + certidão de nascimento),Universidade Federal da Paraíba,25,https://www.prape.ufpb.br/editais/,PRAPE,251,4,25-1-4,2025-01-01,-6806485.0,-35075725.0,RETIFICADO-1-Edital-15-2025-CAMPUS-IV_Selecao-auxilios-2025.1,completar depois
1,UFPB,Campus I - João Pessoa e Santa Rita,08/2026 (Retificado 1),2026-01-01,1,2,Serviço Direto (Restaurante Universitário),0.0,1,100,19,Não matriculado em cursos sediados em Mangabeira ou Santa Rita,Universidade Federal da Paraíba,25,https://www.prape.ufpb.br/editais/,PRAPE,251,1,25-1-1,2026-01-01,-7137594.0,-34846927.0,retificado-1-Edital-08-2026-CAMPUS-I_Selecao-auxilios-2026.1,completar depois
1,UFPB,Campus I - João Pessoa e Santa Rita,08/2026 (Retificado 1),2026-01-01,1,2,Auxílio Financeiro (Auxílio Alimentação),360.0,0,20,19,Exclusivo para matriculados em Mangabeira ou Santa Rita (unidades sem RU),Universidade Federal da Paraíba,25,https://www.prape.ufpb.br/editais/,PRAPE,251,1,25-1-1,2026-01-01,-7137594.0,-34846927.0,retificado-1-Edital-08-2026-CAMPUS-I_Selecao-auxilios-2026.1,completar depois
1,UFPB,Campus I - João Pessoa e Santa Rita,08/2026 (Retificado 1),2026-01-01,1,1,Auxílio Financeiro (Auxílio Moradia),700.0,0,50,19,"Núcleo familiar fora do perímetro urbano de João Pessoa, Santa Rita, Bayeux e Cabedelo; sem imóvel próprio/financiado na cidade sede",Universidade Federal da Paraíba,25,https://www.prape.ufpb.br/editais/,PRAPE,251,1,25-1-1,2026-01-01,-7137594.0,-34846927.0,retificado-1-Edital-08-2026-CAMPUS-I_Selecao-auxilios-2026.1,completar depois
1,UFPB,Campus I - João Pessoa e Santa Rita,08/2026 (Retificado 1),2026-01-01,1,1,Vaga Física - Infraestrutura (RUMF - Masculina),500.0,1,4,19,"Parcela única inicial de R$500,00; mesmos requisitos geográficos da 1",Universidade Federal da Paraíba,25,https://www.prape.ufpb.br/editais/,PRAPE,251,1,25-1-1,2026-01-01,-7137594.0,-34846927.0,retificado-1-Edital-08-2026-CAMPUS-I_Selecao-auxilios-2026.1,completar depois
1,UFPB,Campus I - João Pessoa e Santa Rita,08/2026 (Retificado 1),2026-01-01,1,1,Vaga Física - Infraestrutura (RUFET - Feminina),680.0,1,6,19,"Uso exclusivo feminino; parcela única inicial de R$500,00",Universidade Federal da Paraíba,25,https://www.prape.ufpb.br/editais/,PRAPE,251,1,25-1-1,2026-01-01,-7137594.0,-34846927.0,retificado-1-Edital-08-2026-CAMPUS-I_Selecao-auxilios-2026.1,completar depois
1,UFPB,Campus I - João Pessoa e Santa Rita,08/2026 (Retificado 1),2026-01-01,1,2,Auxílio Financeiro (Faixa 1),125.0,0,30,19,Residência no município da sede do curso (João Pessoa ou Santa Rita),Universidade Federal da Paraíba,25,https://www.prape.ufpb.br/editais/,PRAPE,251,1,25-1-1,2026-01-01,-7137594.0,-34846927.0,retificado-1-Edital-08-2026-CAMPUS-I_Selecao-auxilios-2026.1,completar depois
1,UFPB,Campus I - João Pessoa e Santa Rita,08/2026 (Retificado 1),2026-01-01,1,2,Auxílio Financeiro (Faixa 2),250.0,0,20,19,"Municípios da Faixa 2 (ex.: Bayeux, Cabedelo, Conde)",Universidade Federal da Paraíba,25,https://www.prape.ufpb.br/editais/,PRAPE,251,1,25-1-1,2026-01-01,-7137594.0,-34846927.0,retificado-1-Edital-08-2026-CAMPUS-I_Selecao-auxilios-2026.1,completar depois
1,UFPB,Campus I - João Pessoa e Santa Rita,08/2026 (Retificado 1),2026-01-01,1,2,Auxílio Financeiro (Faixa 3),586.0,0,10,19,"Municípios da Faixa 3 (ex.: Mamanguape, Rio Tinto, Sapé, Alhandra, Caaporã)",Universidade Federal da Paraíba,25,https://www.prape.ufpb.br/editais/,PRAPE,251,1,25-1-1,2026-01-01,-7137594.0,-34846927.0,retificado-1-Edital-08-2026-CAMPUS-I_Selecao-auxilios-2026.1,completar depois
1,UFPB,Campus I - João Pessoa e Santa Rita,08/2026 (Retificado 1),2026-01-01,1,1,Auxílio Financeiro (Auxílio Pré-escolar),250.0,0,5,19,Comprovação de coabitação com filho menor de 6 anos (Declaração Anexo I + certidão de nascimento),Universidade Federal da Paraíba,25,https://www.prape.ufpb.br/editais/,PRAPE,251,1,25-1-1,2026-01-01,-7137594.0,-34846927.0,retificado-1-Edital-08-2026-CAMPUS-I_Selecao-auxilios-2026.1,completar depois
1,UFPB,Campus II - Areia,09/2026 (Retificado 1),2026-01-01,1,3,Serviço Direto (Restaurante Universitário),0.0,1,50,19,Estar matriculado em curso de graduação presencial do Campus II,Universidade Federal da Paraíba,25,https://www.prape.ufpb.br/editais/,PRAPE,251,2,25-1-2,2026-01-01,-6969892.0,-35715877.0,retificado-1-Edital-09-2026-CAMPUS-II_Selecao-auxilios-2026.1,completar depois
1,UFPB,Campus II - Areia,09/2026 (Retificado 1),2026-01-01,1,1,Auxílio Financeiro (Auxílio Moradia),700.0,0,20,19,Núcleo familiar fora do perímetro urbano de Areia; sem imóvel próprio/financiado na cidade sede,Universidade Federal da Paraíba,25,https://www.prape.ufpb.br/editais/,PRAPE,251,2,25-1-2,2026-01-01,-6969892.0,-35715877.0,retificado-1-Edital-09-2026-CAMPUS-II_Selecao-auxilios-2026.1,completar depois
1,UFPB,Campus II - Areia,09/2026 (Retificado 1),2026-01-01,1,1,Vaga Física - Infraestrutura (Residência Universitária),500.0,1,25,19,"15 vagas masculinas + 10 femininas; parcela única inicial de R$500,00; mesmos requisitos geográficos da Moradia (Areia)",Universidade Federal da Paraíba,25,https://www.prape.ufpb.br/editais/,PRAPE,251,2,25-1-2,2026-01-01,-6969892.0,-35715877.0,retificado-1-Edital-09-2026-CAMPUS-II_Selecao-auxilios-2026.1,completar depois
1,UFPB,Campus II - Areia,09/2026 (Retificado 1),2026-01-01,1,2,Auxílio Financeiro (Faixa 1),125.0,0,15,19,Residência do núcleo familiar no município de Areia,Universidade Federal da Paraíba,25,https://www.prape.ufpb.br/editais/,PRAPE,251,2,25-1-2,2026-01-01,-6969892.0,-35715877.0,retificado-1-Edital-09-2026-CAMPUS-II_Selecao-auxilios-2026.1,completar depois
1,UFPB,Campus II - Areia,09/2026 (Retificado 1),2026-01-01,1,2,Auxílio Financeiro (Faixa 2),250.0,0,10,19,"Municípios da Faixa 2 (ex.: Alagoa Grande, Alagoa Nova, Arara, Borborema, Esperança, Remígio)",Universidade Federal da Paraíba,25,https://www.prape.ufpb.br/editais/,PRAPE,251,2,25-1-2,2026-01-01,-6969892.0,-35715877.0,retificado-1-Edital-09-2026-CAMPUS-II_Selecao-auxilios-2026.1,completar depois
1,UFPB,Campus II - Areia,09/2026 (Retificado 1),2026-01-01,1,2,Auxílio Financeiro (Faixa 3),586.0,0,5,19,"Municípios da Faixa 3 (ex.: Bananeiras, Belém, Campina Grande, Guarabira, Sapé, Solânea)",Universidade Federal da Paraíba,25,https://www.prape.ufpb.br/editais/,PRAPE,251,2,25-1-2,2026-01-01,-6969892.0,-35715877.0,retificado-1-Edital-09-2026-CAMPUS-II_Selecao-auxilios-2026.1,completar depois
1,UFPB,Campus II - Areia,09/2026 (Retificado 1),2026-01-01,1,1,Auxílio Financeiro (Auxílio Pré-escolar),250.0,0,2,19,Comprovação de coabitação com filho(a) menor de 6 anos (Declaração Anexo I + certidão de nascimento),Universidade Federal da Paraíba,25,https://www.prape.ufpb.br/editais/,PRAPE,251,2,25-1-2,2026-01-01,-6969892.0,-35715877.0,retificado-1-Edital-09-2026-CAMPUS-II_Selecao-auxilios-2026.1,completar depois
1,UFPB,Campus III - Bananeiras,10/2026 (Retificado 1),2026-01-01,1,3,Serviço Direto (Restaurante Universitário),0.0,1,30,19,Estar matriculado em curso de graduação presencial do Campus III,Universidade Federal da Paraíba,25,https://www.prape.ufpb.br/editais/,PRAPE,251,3,25-1-3,2026-01-01,-6751521.0,-35648475.0,retificado-1-Edital-10-2026-CAMPUS-III_Selecao-auxilios-2026.1,completar depois
1,UFPB,Campus III - Bananeiras,10/2026 (Retificado 1),2026-01-01,1,1,Auxílio Financeiro (Auxílio Moradia),700.0,0,20,19,Núcleo familiar fora do perímetro urbano de Bananeiras ou Solânea; sem imóvel próprio/financiado na cidade sede,Universidade Federal da Paraíba,25,https://www.prape.ufpb.br/editais/,PRAPE,251,3,25-1-3,2026-01-01,-6751521.0,-35648475.0,retificado-1-Edital-10-2026-CAMPUS-III_Selecao-auxilios-2026.1,completar depois
1,UFPB,Campus III - Bananeiras,10/2026 (Retificado 1),2026-01-01,1,1,Vaga Física - Infraestrutura (Residência Universitária),500.0,1,8,19,"3 vagas masculinas + 5 femininas; parcela única inicial de R$500,00; mesmos requisitos geográficos da Moradia (Bananeiras ou Solânea)",Universidade Federal da Paraíba,25,https://www.prape.ufpb.br/editais/,PRAPE,251,3,25-1-3,2026-01-01,-6751521.0,-35648475.0,retificado-1-Edital-10-2026-CAMPUS-III_Selecao-auxilios-2026.1,completar depois
1,UFPB,Campus III - Bananeiras,10/2026 (Retificado 1),2026-01-01,1,2,Auxílio Financeiro (Faixa 1),125.0,0,15,19,"Residência em Bananeiras, Belém, Borborema ou Solânea",Universidade Federal da Paraíba,25,https://www.prape.ufpb.br/editais/,PRAPE,251,3,25-1-3,2026-01-01,-6751521.0,-35648475.0,retificado-1-Edital-10-2026-CAMPUS-III_Selecao-auxilios-2026.1,completar depois
1,UFPB,Campus III - Bananeiras,10/2026 (Retificado 1),2026-01-01,1,2,Auxílio Financeiro (Faixa 2),250.0,0,10,19,"Municípios da Faixa 2 (ex.: Arara, Dona Inês, Guarabira, Pilõezinhos, Pirpirituba, Serraria, Sertãozinho)",Universidade Federal da Paraíba,25,https://www.prape.ufpb.br/editais/,PRAPE,251,3,25-1-3,2026-01-01,-6751521.0,-35648475.0,retificado-1-Edital-10-2026-CAMPUS-III_Selecao-auxilios-2026.1,completar depois
1,UFPB,Campus III - Bananeiras,10/2026 (Retificado 1),2026-01-01,1,2,Auxílio Financeiro (Faixa 3),586.0,0,5,19,"Municípios da Faixa 3 (ex.: Alagoa Grande, Alagoinha, Araçagi, Areia, Gurinhém, Mari, Remígio, Sapé)",Universidade Federal da Paraíba,25,https://www.prape.ufpb.br/editais/,PRAPE,251,3,25-1-3,2026-01-01,-6751521.0,-35648475.0,retificado-1-Edital-10-2026-CAMPUS-III_Selecao-auxilios-2026.1,completar depois
1,UFPB,Campus III - Bananeiras,10/2026 (Retificado 1),2026-01-01,1,1,Auxílio Financeiro (Auxílio Pré-escolar),250.0,0,2,19,Comprovação de coabitação com filho(a) menor de 6 anos (Declaração Anexo I + certidão de nascimento),Universidade Federal da Paraíba,25,https://www.prape.ufpb.br/editais/,PRAPE,251,3,25-1-3,2026-01-01,-6751521.0,-35648475.0,retificado-1-Edital-10-2026-CAMPUS-III_Selecao-auxilios-2026.1,completar depois
