cod_ies,ies_sigla,campus_nome,edital_numero,ano_vigencia,publico_alvo,eixo_pnaes,modalidade_apoio,valor_mensal_brl,infraestrutura_disponivel,total_vagas_ofertadas,prazo_inscricao_dias,criterios_elegibilidade,ies_nome,cod_estado,fonte_dado_site,setor_responsavel
1,UFPB,Campus IV - Litoral Norte (Mamanguape e Rio Tinto),11/2026 (Retificado 1),2026,1,3,Serviço Direto,0,1,30,19,Renda familiar per capita <= 1 SM; RU ativo nas unidades de Rio Tinto (15 vagas) e Mamanguape (15 vagas),Universidade Federal da Paraíba,25,https://www.prape.ufpb.br/editais/,PRAPE
1,UFPB,Campus IV - Litoral Norte (Mamanguape e Rio Tinto),11/2026 (Retificado 1),2026,1,1,Auxílio Financeiro (Auxílio Moradia),700,0,20,19,Núcleo familiar fora do perímetro urbano de Mamanguape/Rio Tinto; sem imóvel próprio/financiado na cidade sede,Universidade Federal da Paraíba,25,https://www.prape.ufpb.br/editais/,PRAPE
1,UFPB,Campus IV - Litoral Norte (Mamanguape e Rio Tinto),11/2026 (Retificado 1),2026,1,1,Vaga Física - Infraestrutura (Residência Universitária),680,1,4,19,"2 vagas masculinas + 2 femininas; parcela única inicial de R$500,00; mesmos requisitos geográficos da Moradia",Universidade Federal da Paraíba,25,https://www.prape.ufpb.br/editais/,PRAPE
1,UFPB,Campus IV - Litoral Norte (Mamanguape e Rio Tinto),11/2026 (Retificado 1),2026,1,2,Auxílio Financeiro (Faixa 1),125,0,15,19,"Residência em Mamanguape, Rio Tinto, Baía da Traição ou Marcação",Universidade Federal da Paraíba,25,https://www.prape.ufpb.br/editais/,PRAPE
1,UFPB,Campus IV - Litoral Norte (Mamanguape e Rio Tinto),11/2026 (Retificado 1),2026,1,2,Auxílio Financeiro (Faixa 2),250,0,10,19,"Municípios da Faixa 2 (ex.: Capim, Cuité de Mamanguape, Jacaraú)",Universidade Federal da Paraíba,25,https://www.prape.ufpb.br/editais/,PRAPE
1,UFPB,Campus IV - Litoral Norte (Mamanguape e Rio Tinto),11/2026 (Retificado 1),2026,1,2,Auxílio Financeiro (Faixa 3),586,0,5,19,"Municípios da Faixa 3 (ex.: João Pessoa, Bayeux, Cabedelo, Guarabira)",Universidade Federal da Paraíba,25,https://www.prape.ufpb.br/editais/,PRAPE
1,UFPB,Campus I - João Pessoa e Santa Rita,12/2025 (Retificado 2),2025,1,3,Serviço Direto (Restaurante Universitário),0,1,100,34,Não matriculado em cursos sediados em Mangabeira ou Santa Rita,Universidade Federal da Paraíba,25,https://www.prape.ufpb.br/editais/,PRAPE
1,UFPB,Campus I - João Pessoa e Santa Rita,12/2025 (Retificado 2),2025,1,3,Auxílio Financeiro (Auxílio Alimentação),360,0,15,34,Exclusivo para matriculados em Mangabeira ou Santa Rita (unidades sem RU),Universidade Federal da Paraíba,25,https://www.prape.ufpb.br/editais/,PRAPE
1,UFPB,Campus I - João Pessoa e Santa Rita,12/2025 (Retificado 2),2025,1,1,Auxílio Financeiro (Auxílio Moradia),700,0,50,34,"Núcleo familiar fora do perímetro urbano de João Pessoa, Santa Rita, Bayeux e Cabedelo",Universidade Federal da Paraíba,25,https://www.prape.ufpb.br/editais/,PRAPE
1,UFPB,Campus I - João Pessoa e Santa Rita,12/2025 (Retificado 2),2025,1,1,Vaga Física - Infraestrutura (RUMF - Masculina),400,1,2,34,"Parcela única inicial de R$400,00; mesmos requisitos geográficos da Moradia",Universidade Federal da Paraíba,25,https://www.prape.ufpb.br/editais/,PRAPE
1,UFPB,Campus I - João Pessoa e Santa Rita,12/2025 (Retificado 2),2025,1,1,Vaga Física - Infraestrutura (RUFET - Feminina),580,1,3,34,"Uso exclusivo feminino; parcela única inicial de R$400,00",Universidade Federal da Paraíba,25,https://www.prape.ufpb.br/editais/,PRAPE
1,UFPB,Campus I - João Pessoa e Santa Rita,12/2025 (Retificado 2),2025,1,2,Auxílio Financeiro (Faixa 1),108,0,30,34,Residência no município da sede do curso (João Pessoa ou Santa Rita),Universidade Federal da Paraíba,25,https://www.prape.ufpb.br/editais/,PRAPE
1,UFPB,Campus I - João Pessoa e Santa Rita,12/2025 (Retificado 2),2025,1,2,Auxílio Financeiro (Faixa 2),216,0,15,34,"Municípios da Faixa 2 (ex.: Bayeux, Cabedelo, Conde)",Universidade Federal da Paraíba,25,https://www.prape.ufpb.br/editais/,PRAPE
1,UFPB,Campus I - João Pessoa e Santa Rita,12/2025 (Retificado 2),2025,1,2,Auxílio Financeiro (Faixa 3),586,0,5,34,"Municípios da Faixa 3 (ex.: Mamanguape, Rio Tinto, Sapé)",Universidade Federal da Paraíba,25,https://www.prape.ufpb.br/editais/,PRAPE
1,UFPB,Campus II - Areia,13/2025 (Retificado 1),2025,1,3,Serviço Direto (Restaurante Universitário),0,1,25,34,Matriculado em qualquer unidade acadêmica do Campus II,Universidade Federal da Paraíba,25,https://www.prape.ufpb.br/editais/,PRAPE
1,UFPB,Campus II - Areia,13/2025 (Retificado 1),2025,1,1,Auxílio Financeiro (Auxílio Moradia),700,0,15,34,Núcleo familiar fora do perímetro urbano de Areia,Universidade Federal da Paraíba,25,https://www.prape.ufpb.br/editais/,PRAPE
1,UFPB,Campus II - Areia,13/2025 (Retificado 1),2025,1,1,Vaga Física - Infraestrutura (Residência Universitária),400,1,5,34,"3 vagas masculinas + 2 femininas; parcela única inicial de R$400,00",Universidade Federal da Paraíba,25,https://www.prape.ufpb.br/editais/,PRAPE
1,UFPB,Campus II - Areia,13/2025 (Retificado 1),2025,1,2,Auxílio Financeiro (Faixa 1),108,0,5,34,Residência no município de Areia,Universidade Federal da Paraíba,25,https://www.prape.ufpb.br/editais/,PRAPE
1,UFPB,Campus II - Areia,13/2025 (Retificado 1),2025,1,2,Auxílio Financeiro (Faixa 2),216,0,3,34,"Municípios da Faixa 2 (ex.: Alagoa Grande, Esperança, Remígio)",Universidade Federal da Paraíba,25,https://www.prape.ufpb.br/editais/,PRAPE
1,UFPB,Campus II - Areia,13/2025 (Retificado 1),2025,1,2,Auxílio Financeiro (Faixa 3),586,0,2,34,"Municípios da Faixa 3 (ex.: Campina Grande, Guarabira, Sapé)",Universidade Federal da Paraíba,25,https://www.prape.ufpb.br/editais/,PRAPE
1,UFPB,Campus III - Bananeiras,14/2025 (Retificado 2),2025,1,3,Serviço Direto (Restaurante Universitário),0,1,25,34,Estar matriculado em qualquer unidade acadêmica do Campus III,Universidade Federal da Paraíba,25,https://www.prape.ufpb.br/editais/,PRAPE
1,UFPB,Campus III - Bananeiras,14/2025 (Retificado 2),2025,1,1,Auxílio Financeiro (Auxílio 1),700,0,15,34,Núcleo familiar fora do perímetro urbano de Bananeiras ou Solânea; sem imóvel próprio/financiado na cidade sede,Universidade Federal da Paraíba,25,https://www.prape.ufpb.br/editais/,PRAPE
1,UFPB,Campus III - Bananeiras,14/2025 (Retificado 2),2025,1,1,Vaga Física - Infraestrutura (Residência Universitária),400,1,2,34,"1 vaga masculina + 1 feminina; parcela única inicial de R$400,00; mesmos requisitos geográficos da 1",Universidade Federal da Paraíba,25,https://www.prape.ufpb.br/editais/,PRAPE
1,UFPB,Campus III - Bananeiras,14/2025 (Retificado 2),2025,1,2,Auxílio Financeiro (Faixa 1),108,0,5,34,"Residência em Bananeiras, Belém, Borborema ou Solânea",Universidade Federal da Paraíba,25,https://www.prape.ufpb.br/editais/,PRAPE
1,UFPB,Campus III - Bananeiras,14/2025 (Retificado 2),2025,1,2,Auxílio Financeiro (Faixa 2),216,0,3,34,"Municípios da Faixa 2 (ex.: Arara, Dona Inês, Guarabira, Pirpirituba)",Universidade Federal da Paraíba,25,https://www.prape.ufpb.br/editais/,PRAPE
1,UFPB,Campus III - Bananeiras,14/2025 (Retificado 2),2025,1,2,Auxílio Financeiro (Faixa 3),586,0,2,34,"Municípios da Faixa 3 (ex.: Alagoa Grande, Areia, Sapé, Remígio)",Universidade Federal da Paraíba,25,https://www.prape.ufpb.br/editais/,PRAPE
1,UFPB,Campus III - Bananeiras,14/2025 (Retificado 2),2025,1,1,Auxílio Financeiro (Auxílio Pré-escolar),250,0,5,34,Comprovação de coabitação com filho menor de 6 anos (Declaração Anexo I + certidão de nascimento),Universidade Federal da Paraíba,25,https://www.prape.ufpb.br/editais/,PRAPE
1,UFPB,Campus IV - Litoral Norte (Mamanguape e Rio Tinto),15/2025 (Retificado 1),2025,1,3,Serviço Direto (Restaurante Universitário - Rio Tinto),0,1,15,34,Matriculado em qualquer unidade acadêmica do Campus IV,Universidade Federal da Paraíba,25,https://www.prape.ufpb.br/editais/,PRAPE
1,UFPB,Campus IV - Litoral Norte (Mamanguape e Rio Tinto),15/2025 (Retificado 1),2025,1,3,Serviço Direto (Restaurante Universitário - Mamanguape),0,1,10,34,Matriculado em qualquer unidade acadêmica do Campus IV,Universidade Federal da Paraíba,25,https://www.prape.ufpb.br/editais/,PRAPE
1,UFPB,Campus IV - Litoral Norte (Mamanguape e Rio Tinto),15/2025 (Retificado 1),2025,1,1,Auxílio Financeiro (Auxílio 1),700,0,15,34,Núcleo familiar fora do perímetro urbano de Mamanguape ou Rio Tinto,Universidade Federal da Paraíba,25,https://www.prape.ufpb.br/editais/,PRAPE
1,UFPB,Campus IV - Litoral Norte (Mamanguape e Rio Tinto),15/2025 (Retificado 1),2025,1,1,Vaga Física - Infraestrutura (Residência Universitária),580,1,2,34,"1 vaga masculina + 1 feminina; parcela única inicial de R$400,00; mesmos requisitos geográficos da 1",Universidade Federal da Paraíba,25,https://www.prape.ufpb.br/editais/,PRAPE
1,UFPB,Campus IV - Litoral Norte (Mamanguape e Rio Tinto),15/2025 (Retificado 1),2025,1,2,Auxílio Financeiro (Faixa 1),108,0,5,34,"Residência em Mamanguape, Rio Tinto, Baía da Traição ou Marcação",Universidade Federal da Paraíba,25,https://www.prape.ufpb.br/editais/,PRAPE
1,UFPB,Campus IV - Litoral Norte (Mamanguape e Rio Tinto),15/2025 (Retificado 1),2025,1,2,Auxílio Financeiro (Faixa 2),216,0,3,34,"Municípios da Faixa 2 (ex.: Capim, Cuité de Mamanguape, Jacaraú)",Universidade Federal da Paraíba,25,https://www.prape.ufpb.br/editais/,PRAPE
1,UFPB,Campus IV - Litoral Norte (Mamanguape e Rio Tinto),15/2025 (Retificado 1),2025,1,2,Auxílio Financeiro (Faixa 3),586,0,2,34,"Municípios da Faixa 3 (ex.: João Pessoa, Bayeux, Cabedelo, Guarabira)",Universidade Federal da Paraíba,25,https://www.prape.ufpb.br/editais/,PRAPE
1,UFPB,Campus IV - Litoral Norte (Mamanguape e Rio Tinto),15/2025 (Retificado 1),2025,1,1,Auxílio Financeiro (Auxílio Pré-escolar),250,0,5,34,Comprovação de coabitação com filho menor de 6 anos (Declaração Anexo I + certidão de nascimento),Universidade Federal da Paraíba,25,https://www.prape.ufpb.br/editais/,PRAPE
1,UFPB,Campus I - João Pessoa e Santa Rita,08/2026 (Retificado 1),2026,1,2,Serviço Direto (Restaurante Universitário),0,1,100,19,Não matriculado em cursos sediados em Mangabeira ou Santa Rita,Universidade Federal da Paraíba,25,https://www.prape.ufpb.br/editais/,PRAPE
1,UFPB,Campus I - João Pessoa e Santa Rita,08/2026 (Retificado 1),2026,1,2,Auxílio Financeiro (Auxílio Alimentação),360,0,20,19,Exclusivo para matriculados em Mangabeira ou Santa Rita (unidades sem RU),Universidade Federal da Paraíba,25,https://www.prape.ufpb.br/editais/,PRAPE
1,UFPB,Campus I - João Pessoa e Santa Rita,08/2026 (Retificado 1),2026,1,1,Auxílio Financeiro (Auxílio Moradia),700,0,50,19,"Núcleo familiar fora do perímetro urbano de João Pessoa, Santa Rita, Bayeux e Cabedelo; sem imóvel próprio/financiado na cidade sede",Universidade Federal da Paraíba,25,https://www.prape.ufpb.br/editais/,PRAPE
1,UFPB,Campus I - João Pessoa e Santa Rita,08/2026 (Retificado 1),2026,1,1,Vaga Física - Infraestrutura (RUMF - Masculina),500,1,4,19,"Parcela única inicial de R$500,00; mesmos requisitos geográficos da 1",Universidade Federal da Paraíba,25,https://www.prape.ufpb.br/editais/,PRAPE
1,UFPB,Campus I - João Pessoa e Santa Rita,08/2026 (Retificado 1),2026,1,1,Vaga Física - Infraestrutura (RUFET - Feminina),680,1,6,19,"Uso exclusivo feminino; parcela única inicial de R$500,00",Universidade Federal da Paraíba,25,https://www.prape.ufpb.br/editais/,PRAPE
1,UFPB,Campus I - João Pessoa e Santa Rita,08/2026 (Retificado 1),2026,1,2,Auxílio Financeiro (Faixa 1),125,0,30,19,Residência no município da sede do curso (João Pessoa ou Santa Rita),Universidade Federal da Paraíba,25,https://www.prape.ufpb.br/editais/,PRAPE
1,UFPB,Campus I - João Pessoa e Santa Rita,08/2026 (Retificado 1),2026,1,2,Auxílio Financeiro (Faixa 2),250,0,20,19,"Municípios da Faixa 2 (ex.: Bayeux, Cabedelo, Conde)",Universidade Federal da Paraíba,25,https://www.prape.ufpb.br/editais/,PRAPE
1,UFPB,Campus I - João Pessoa e Santa Rita,08/2026 (Retificado 1),2026,1,2,Auxílio Financeiro (Faixa 3),586,0,10,19,"Municípios da Faixa 3 (ex.: Mamanguape, Rio Tinto, Sapé, Alhandra, Caaporã)",Universidade Federal da Paraíba,25,https://www.prape.ufpb.br/editais/,PRAPE
1,UFPB,Campus I - João Pessoa e Santa Rita,08/2026 (Retificado 1),2026,1,1,Auxílio Financeiro (Auxílio Pré-escolar),250,0,5,19,Comprovação de coabitação com filho menor de 6 anos (Declaração Anexo I + certidão de nascimento),Universidade Federal da Paraíba,25,https://www.prape.ufpb.br/editais/,PRAPE
1,UFPB,Campus II - Areia,09/2026 (Retificado 1),2026,1,3,Serviço Direto (Restaurante Universitário),0,1,50,19,Estar matriculado em curso de graduação presencial do Campus II,Universidade Federal da Paraíba,25,https://www.prape.ufpb.br/editais/,PRAPE
1,UFPB,Campus II - Areia,09/2026 (Retificado 1),2026,1,1,Auxílio Financeiro (Auxílio Moradia),700,0,20,19,Núcleo familiar fora do perímetro urbano de Areia; sem imóvel próprio/financiado na cidade sede,Universidade Federal da Paraíba,25,https://www.prape.ufpb.br/editais/,PRAPE
1,UFPB,Campus II - Areia,09/2026 (Retificado 1),2026,1,1,Vaga Física - Infraestrutura (Residência Universitária),500,1,25,19,"15 vagas masculinas + 10 femininas; parcela única inicial de R$500,00; mesmos requisitos geográficos da Moradia (Areia)",Universidade Federal da Paraíba,25,https://www.prape.ufpb.br/editais/,PRAPE
1,UFPB,Campus II - Areia,09/2026 (Retificado 1),2026,1,2,Auxílio Financeiro (Faixa 1),125,0,15,19,Residência do núcleo familiar no município de Areia,Universidade Federal da Paraíba,25,https://www.prape.ufpb.br/editais/,PRAPE
1,UFPB,Campus II - Areia,09/2026 (Retificado 1),2026,1,2,Auxílio Financeiro (Faixa 2),250,0,10,19,"Municípios da Faixa 2 (ex.: Alagoa Grande, Alagoa Nova, Arara, Borborema, Esperança, Remígio)",Universidade Federal da Paraíba,25,https://www.prape.ufpb.br/editais/,PRAPE
1,UFPB,Campus II - Areia,09/2026 (Retificado 1),2026,1,2,Auxílio Financeiro (Faixa 3),586,0,5,19,"Municípios da Faixa 3 (ex.: Bananeiras, Belém, Campina Grande, Guarabira, Sapé, Solânea)",Universidade Federal da Paraíba,25,https://www.prape.ufpb.br/editais/,PRAPE
1,UFPB,Campus II - Areia,09/2026 (Retificado 1),2026,1,1,Auxílio Financeiro (Auxílio Pré-escolar),250,0,2,19,Comprovação de coabitação com filho(a) menor de 6 anos (Declaração Anexo I + certidão de nascimento),Universidade Federal da Paraíba,25,https://www.prape.ufpb.br/editais/,PRAPE
1,UFPB,Campus III - Bananeiras,10/2026 (Retificado 1),2026,1,3,Serviço Direto (Restaurante Universitário),0,1,30,19,Estar matriculado em curso de graduação presencial do Campus III,Universidade Federal da Paraíba,25,https://www.prape.ufpb.br/editais/,PRAPE
1,UFPB,Campus III - Bananeiras,10/2026 (Retificado 1),2026,1,1,Auxílio Financeiro (Auxílio Moradia),700,0,20,19,Núcleo familiar fora do perímetro urbano de Bananeiras ou Solânea; sem imóvel próprio/financiado na cidade sede,Universidade Federal da Paraíba,25,https://www.prape.ufpb.br/editais/,PRAPE
1,UFPB,Campus III - Bananeiras,10/2026 (Retificado 1),2026,1,1,Vaga Física - Infraestrutura (Residência Universitária),500,1,8,19,"3 vagas masculinas + 5 femininas; parcela única inicial de R$500,00; mesmos requisitos geográficos da Moradia (Bananeiras ou Solânea)",Universidade Federal da Paraíba,25,https://www.prape.ufpb.br/editais/,PRAPE
1,UFPB,Campus III - Bananeiras,10/2026 (Retificado 1),2026,1,2,Auxílio Financeiro (Faixa 1),125,0,15,19,"Residência em Bananeiras, Belém, Borborema ou Solânea",Universidade Federal da Paraíba,25,https://www.prape.ufpb.br/editais/,PRAPE
1,UFPB,Campus III - Bananeiras,10/2026 (Retificado 1),2026,1,2,Auxílio Financeiro (Faixa 2),250,0,10,19,"Municípios da Faixa 2 (ex.: Arara, Dona Inês, Guarabira, Pilõezinhos, Pirpirituba, Serraria, Sertãozinho)",Universidade Federal da Paraíba,25,https://www.prape.ufpb.br/editais/,PRAPE
1,UFPB,Campus III - Bananeiras,10/2026 (Retificado 1),2026,1,2,Auxílio Financeiro (Faixa 3),586,0,5,19,"Municípios da Faixa 3 (ex.: Alagoa Grande, Alagoinha, Araçagi, Areia, Gurinhém, Mari, Remígio, Sapé)",Universidade Federal da Paraíba,25,https://www.prape.ufpb.br/editais/,PRAPE
1,UFPB,Campus III - Bananeiras,10/2026 (Retificado 1),2026,1,1,Auxílio Financeiro (Auxílio Pré-escolar),250,0,2,19,Comprovação de coabitação com filho(a) menor de 6 anos (Declaração Anexo I + certidão de nascimento),Universidade Federal da Paraíba,25,https://www.prape.ufpb.br/editais/,PRAPE